StudentID,CGPA,Internships,Projects,AptitudeTestScore,SoftSkillsRating,ExtracurricularActivities,PlacementTraining,SSC_Marks,HSC_Marks,PlacementStatus
6438,7.2,2,2,88,4.8,No,Yes,55,65,NotPlaced
1889,7.3,1,2,81,4.5,Yes,Yes,56,71,Placed
1385,8.3,1,2,73,3.6,No,Yes,57,71,Placed
2814,7.2,1,1,67,4.3,No,No,74,72,NotPlaced
1939,7.6,0,1,67,4.3,Yes,Yes,59,69,NotPlaced
2428,8.2,1,1,87,4.7,Yes,Yes,55,81,NotPlaced
1193,7.6,1,1,77,4.5,No,No,82,64,NotPlaced
9797,6.6,1,1,64,4.1,Yes,No,55,69,NotPlaced
289,6.7,1,3,77,4.1,Yes,Yes,69,67,NotPlaced
6206,8.3,1,1,82,4.3,Yes,No,55,83,NotPlaced
8288,7.5,1,1,71,4.1,No,Yes,66,74,NotPlaced
2150,6.5,1,1,77,4.3,No,No,66,60,NotPlaced
2488,6.5,1,2,82,4,No,Yes,55,62,NotPlaced
6516,7.5,2,1,80,4.3,No,Yes,72,64,NotPlaced
9558,8.5,1,3,74,4.3,Yes,Yes,80,87,NotPlaced
1911,7.5,1,1,64,3.4,No,No,56,66,NotPlaced
3926,7.5,1,1,77,4,No,Yes,55,65,NotPlaced
8745,7.6,0,1,80,3.9,No,No,55,66,NotPlaced
1337,7.6,1,1,74,4.6,Yes,Yes,76,64,NotPlaced
1047,7.7,2,3,87,4.4,Yes,Yes,78,82,NotPlaced
7823,8.3,1,3,81,4.8,Yes,Yes,65,83,NotPlaced
575,7.6,2,1,87,4.8,Yes,No,88,62,NotPlaced
1749,7.5,1,1,61,4.2,Yes,No,64,64,NotPlaced
9955,6.5,0,1,74,4.4,Yes,Yes,72,64,NotPlaced
7546,6.6,1,1,77,3.8,No,Yes,59,71,NotPlaced
1348,8.1,0,2,73,4.5,No,Yes,55,67,NotPlaced
8962,7.8,1,3,79,4.8,Yes,Yes,72,79,NotPlaced
2609,7.8,2,3,81,4.5,Yes,Yes,77,81,NotPlaced
6493,8,0,2,76,3.8,No,Yes,55,65,NotPlaced
7269,7.6,0,1,72,3.6,No,No,55,61,NotPlaced
619,6.5,1,1,84,4.5,Yes,Yes,55,84,NotPlaced
9349,8.3,2,1,70,4.3,Yes,No,64,64,NotPlaced
2030,7.6,1,1,74,4.1,No,Yes,55,64,NotPlaced
1866,6.7,0,2,83,4,No,Yes,55,66,NotPlaced
9753,7.5,1,2,78,4.5,Yes,Yes,66,78,NotPlaced
8739,7.3,1,1,77,4,No,Yes,55,59,NotPlaced
3817,7.8,0,2,86,3.5,No,Yes,72,85,NotPlaced
2359,6.5,1,3,87,4.8,No,No,65,86,NotPlaced
2399,6.7,1,1,69,4,No,No,55,67,NotPlaced
690,6.5,2,3,74,4.2,No,No,90,67,NotPlaced
3927,6.5,1,2,77,4.2,No,No,62,71,NotPlaced
3230,8.3,2,1,79,4.2,Yes,No,78,74,NotPlaced
8518,7.7,1,2,75,4.4,No,No,60,73,NotPlaced
6298,8.2,1,2,77,4.5,Yes,Yes,71,80,NotPlaced
6584,7.5,1,1,72,4.3,No,No,55,66,NotPlaced
6656,8,1,1,83,4.8,No,Yes,61,68,NotPlaced
3229,8.4,1,1,84,4.7,Yes,No,62,63,NotPlaced
2198,7.6,0,2,78,4.4,Yes,Yes,80,71,NotPlaced
9389,7.2,1,1,65,3.7,No,No,63,71,NotPlaced
7683,7.4,1,1,82,4.7,Yes,Yes,84,87,NotPlaced
1792,7.5,1,1,76,4.5,Yes,No,59,59,NotPlaced
3772,7.5,0,1,80,4.1,No,Yes,64,65,NotPlaced
5515,7.2,1,2,77,4.1,No,Yes,55,64,NotPlaced
8330,6.7,1,2,76,4.6,Yes,Yes,71,68,NotPlaced
2963,6.5,0,2,72,3.9,No,Yes,59,60,NotPlaced
2862,7.9,1,3,75,4.6,Yes,Yes,80,81,NotPlaced
7876,7.3,0,1,75,3.4,No,No,55,70,NotPlaced
659,8.2,1,2,85,4.5,Yes,Yes,69,82,NotPlaced
6413,7.5,1,1,67,3.8,No,No,66,59,NotPlaced
3552,7.5,2,2,90,4.2,Yes,Yes,82,74,NotPlaced
7797,7.8,2,3,90,4.8,Yes,No,81,87,NotPlaced
5415,7.4,1,1,71,4.3,No,Yes,55,73,NotPlaced
7092,7.8,1,2,76,4,Yes,Yes,63,88,NotPlaced
1102,7.5,0,2,78,4.4,No,Yes,62,65,NotPlaced
3881,7.5,1,1,78,4.7,Yes,Yes,73,87,NotPlaced
5400,7.7,0,1,71,3.5,No,No,56,65,NotPlaced
2407,7.6,0,1,83,3.2,No,No,55,65,NotPlaced
8003,7.5,1,1,88,4.3,No,No,86,84,NotPlaced
7747,6.5,0,2,74,4.5,No,No,62,68,NotPlaced
5751,7.5,1,1,75,4,No,No,55,74,NotPlaced
6960,7.5,1,1,66,4.4,No,No,69,61,NotPlaced
174,8,1,1,78,4.4,No,No,66,68,NotPlaced
8223,7.5,1,1,75,4.1,Yes,Yes,83,57,NotPlaced
4210,6.5,1,1,74,4.6,No,No,58,67,NotPlaced
258,7.5,1,2,86,4.8,No,Yes,60,67,NotPlaced
4332,7.4,1,2,78,4.4,No,Yes,81,68,NotPlaced
256,8.5,1,3,75,4.5,Yes,Yes,75,84,NotPlaced
5761,8.5,2,3,79,4.8,No,No,72,69,NotPlaced
9353,8.7,0,3,85,4.5,Yes,No,71,83,NotPlaced
2851,6.8,1,2,67,3.2,No,No,55,68,NotPlaced
2047,6.6,1,1,70,4.1,No,No,55,67,NotPlaced
1265,8.4,1,1,69,4.1,Yes,Yes,63,60,NotPlaced
7522,6.5,1,1,82,4.3,No,Yes,57,70,NotPlaced
5507,8.2,1,2,71,3.7,No,Yes,78,72,NotPlaced
3400,7.5,1,3,71,4,No,No,64,85,NotPlaced
4544,7.8,1,2,83,4.7,No,Yes,55,85,NotPlaced
532,7.7,2,1,75,4.4,Yes,No,81,82,NotPlaced
9623,7.6,1,1,83,4.5,Yes,Yes,74,79,NotPlaced
4420,6.5,1,2,79,4.5,No,Yes,55,67,NotPlaced
224,7.9,2,3,90,4.8,Yes,No,81,78,NotPlaced
9365,6.5,1,1,64,3.7,No,No,55,59,NotPlaced
3277,7.4,1,1,75,4.2,Yes,Yes,64,64,NotPlaced
2286,7.4,1,2,80,4.3,No,Yes,65,67,NotPlaced
3979,8.5,2,2,90,4.7,Yes,Yes,73,69,NotPlaced
8093,7.6,1,1,82,3.7,No,Yes,55,67,NotPlaced
9994,6.6,1,1,71,4.5,No,Yes,55,73,NotPlaced
7732,7.4,1,1,73,4.8,Yes,Yes,61,69,NotPlaced
7536,8.5,1,2,84,4.5,Yes,Yes,77,81,NotPlaced
2427,6.5,0,1,84,3.6,No,No,61,63,NotPlaced
1384,8.4,2,3,74,3.6,Yes,Yes,64,69,NotPlaced
2944,8.1,2,1,86,4.3,Yes,Yes,72,80,NotPlaced
1043,8.3,2,3,90,4.8,Yes,Yes,72,84,NotPlaced
4422,6.5,1,2,74,4.6,Yes,Yes,62,72,NotPlaced
980,6.6,1,2,88,4,No,No,78,67,NotPlaced
7715,6.5,1,2,84,4.7,Yes,Yes,77,72,NotPlaced
9897,8.4,2,3,84,4.3,Yes,Yes,81,87,NotPlaced
275,7.3,1,2,71,4.7,No,No,59,57,NotPlaced
3676,7.5,1,2,86,4.8,Yes,Yes,55,71,NotPlaced
4485,7.5,1,1,70,4.6,No,Yes,55,65,NotPlaced
511,7.9,1,2,63,4.2,No,Yes,56,69,NotPlaced
6124,7.5,0,1,64,3.7,No,Yes,55,66,NotPlaced
7873,8.2,1,1,80,3.9,Yes,Yes,61,84,NotPlaced
6153,7.6,1,2,79,4.1,No,No,62,67,NotPlaced
7177,7.3,1,1,72,3.7,No,No,60,85,NotPlaced
7754,7.4,1,2,82,3.9,No,Yes,55,70,NotPlaced
1557,7.4,0,2,76,4.1,No,No,60,69,NotPlaced
8815,8.1,1,2,78,4.7,Yes,Yes,57,83,NotPlaced
6853,7.6,1,1,72,4.5,No,No,55,66,NotPlaced
5709,8.2,2,3,90,4.5,Yes,Yes,80,86,NotPlaced
7326,7.5,0,1,81,4.2,No,No,67,60,NotPlaced
3194,8.1,2,2,78,4.8,Yes,No,58,79,NotPlaced
9263,7.8,1,1,70,4.2,No,Yes,63,65,NotPlaced
1762,7.5,1,1,70,3.8,No,Yes,63,73,NotPlaced
325,7.2,1,2,69,4,No,Yes,55,61,NotPlaced
1383,8.4,1,1,80,3.7,Yes,Yes,55,81,NotPlaced
2420,7.6,0,2,68,3.9,No,Yes,64,61,NotPlaced
4002,6.5,1,2,65,4,No,No,61,63,NotPlaced
8159,7,1,1,79,4.3,No,No,55,70,NotPlaced
402,7.1,1,3,81,4.4,Yes,Yes,78,72,NotPlaced
8611,8.3,1,3,77,4,No,Yes,76,82,NotPlaced
3004,8.2,1,2,90,4.8,Yes,No,82,63,NotPlaced
8065,7,1,1,68,3.7,No,No,55,68,NotPlaced
6032,7.6,1,1,73,4.2,No,Yes,55,69,NotPlaced
5339,6.7,0,1,69,4.4,Yes,No,81,59,NotPlaced
6393,7.5,1,1,64,3.5,No,No,74,67,NotPlaced
3259,6.7,0,1,66,3.9,No,Yes,55,61,NotPlaced
4203,8.4,2,3,73,4.8,Yes,Yes,82,88,NotPlaced
2671,6.8,1,1,82,4.2,No,No,59,72,NotPlaced
4185,8.4,1,3,78,4.5,Yes,No,80,80,NotPlaced
8124,7.6,1,3,77,4.3,Yes,Yes,70,83,NotPlaced
136,8.4,2,3,88,4.6,Yes,Yes,74,82,NotPlaced
8801,8.2,1,1,78,4,No,Yes,56,70,NotPlaced
7765,7.7,2,3,84,4.2,Yes,Yes,72,79,NotPlaced
4974,7.9,1,2,80,4.7,Yes,Yes,78,73,NotPlaced
6773,7.4,0,1,76,4.3,No,Yes,65,68,NotPlaced
2284,7.6,1,1,70,4.5,No,No,62,71,NotPlaced
3594,6.5,1,1,83,3.9,No,Yes,70,69,NotPlaced
3681,7.8,0,1,76,4.3,Yes,Yes,60,73,NotPlaced
4494,8.4,2,3,83,4.8,Yes,No,79,82,NotPlaced
3593,8.1,1,2,90,4.7,Yes,Yes,71,72,NotPlaced
4191,8.3,1,2,85,4.6,Yes,Yes,73,77,NotPlaced
1049,7.7,1,1,71,4.2,No,Yes,55,72,NotPlaced
6285,6.5,1,1,78,3.6,No,Yes,78,72,NotPlaced
4445,7.7,0,2,81,4.6,Yes,Yes,59,72,NotPlaced
717,8.5,2,3,88,4.3,No,Yes,67,88,NotPlaced
2014,7.9,1,2,75,3.8,Yes,No,57,66,NotPlaced
3381,8,1,2,87,3.6,No,Yes,55,61,NotPlaced
1643,6.7,1,1,81,4.5,No,Yes,55,68,NotPlaced
7665,6.5,1,1,71,4.5,No,No,55,74,NotPlaced
6095,8.5,1,3,89,4,Yes,Yes,68,74,NotPlaced
9436,6.5,2,1,73,4,No,No,55,68,NotPlaced
2425,7.6,1,1,68,4,No,Yes,61,68,NotPlaced
3060,7.7,1,1,67,4.4,No,Yes,81,73,NotPlaced
927,7.3,0,1,74,4.1,No,No,64,72,NotPlaced
9752,7.7,1,1,82,4.6,Yes,No,55,84,NotPlaced
5439,7.9,1,1,71,4.4,No,Yes,79,71,NotPlaced
3359,6.8,1,1,76,4.3,No,No,67,65,NotPlaced
6367,7.3,0,1,85,4.2,No,Yes,73,68,NotPlaced
370,8,2,2,81,4.5,No,No,69,71,NotPlaced
8145,7.7,1,2,71,4.4,No,Yes,59,74,NotPlaced
1361,7.3,1,2,76,4.5,No,Yes,60,68,NotPlaced
2443,7.4,2,2,69,4.1,No,No,59,75,NotPlaced
28,8.3,1,1,81,4.5,Yes,Yes,64,65,NotPlaced
7430,8.3,2,3,80,4.6,Yes,No,55,80,NotPlaced
2990,8.4,1,3,80,4.4,Yes,Yes,61,79,NotPlaced
7190,6.5,0,2,90,4.5,No,No,55,64,NotPlaced
4472,8.3,0,2,77,3.8,Yes,Yes,55,74,NotPlaced
4586,8.5,1,2,75,4.7,Yes,No,72,65,NotPlaced
8731,6.6,1,2,67,4.1,Yes,Yes,73,69,NotPlaced
5859,6.6,1,2,66,4.6,Yes,No,57,70,NotPlaced
2552,8.5,2,1,80,3.6,Yes,No,83,68,NotPlaced
7833,7.6,1,1,81,3.9,No,Yes,62,78,NotPlaced
3605,6.8,0,1,77,3.6,No,Yes,57,64,NotPlaced
7610,7.5,1,1,71,4,No,No,63,64,NotPlaced
4085,8.4,2,2,74,4.4,Yes,No,79,85,NotPlaced
4820,8.2,0,2,69,3.5,No,Yes,58,64,NotPlaced
7195,7.6,1,1,71,4.1,Yes,Yes,62,79,NotPlaced
2778,7.1,0,1,69,4.8,No,No,65,66,NotPlaced
8200,7.6,1,1,71,4.2,No,No,64,71,NotPlaced
1168,7.6,1,3,70,4.5,Yes,Yes,57,68,NotPlaced
3724,7.6,0,2,68,4.6,No,No,59,65,NotPlaced
4880,6.5,1,3,75,4.5,Yes,Yes,59,64,NotPlaced
695,7.2,1,2,81,4.3,Yes,Yes,83,63,NotPlaced
6855,7.4,1,2,82,4.5,No,Yes,59,66,NotPlaced
274,6.8,1,1,73,3.7,No,Yes,55,65,NotPlaced
387,7.9,1,2,76,4.1,Yes,Yes,57,66,NotPlaced
113,7.4,1,1,81,4.1,Yes,No,55,62,NotPlaced
4102,7.4,1,3,81,4.6,Yes,Yes,80,71,NotPlaced
3895,7.6,1,1,68,4,No,No,62,72,NotPlaced
4389,7.6,1,1,70,4.5,No,No,69,74,NotPlaced
135,8,0,1,60,4,No,No,57,70,NotPlaced
8498,8.3,1,2,76,4,Yes,Yes,74,62,NotPlaced
1269,7.5,1,2,80,4,Yes,Yes,58,82,NotPlaced
2123,8.1,2,2,90,4.8,Yes,Yes,76,88,NotPlaced
7229,6.5,1,1,70,4.3,No,No,55,75,NotPlaced
3053,7.4,0,1,82,4.5,No,Yes,55,69,NotPlaced
4167,7.5,0,1,76,4.4,No,Yes,55,65,NotPlaced
1145,8.1,1,1,71,4.7,Yes,Yes,56,68,NotPlaced
6369,7.6,1,2,82,4.2,No,Yes,56,70,NotPlaced
7411,7.6,1,1,60,3.6,No,No,55,64,NotPlaced
2464,7.6,1,2,86,4.4,Yes,Yes,90,79,NotPlaced
6282,7.5,2,1,72,3.6,No,Yes,61,60,NotPlaced
2419,7.5,1,2,78,3.9,Yes,Yes,87,76,NotPlaced
9254,6.8,1,1,79,4.3,No,No,55,63,NotPlaced
9185,7.4,1,1,86,4.2,No,Yes,56,68,NotPlaced
1103,8.1,0,2,71,4.2,Yes,No,82,74,NotPlaced
4751,6.7,1,1,71,4.5,No,No,58,59,NotPlaced
3917,7.6,2,2,73,4.7,No,No,59,62,NotPlaced
3091,6.5,1,1,74,3.6,No,Yes,58,67,NotPlaced
6257,8.4,1,3,83,4.8,Yes,Yes,71,81,NotPlaced
6462,8.3,2,3,83,4.2,Yes,Yes,76,86,NotPlaced
2956,8.3,1,3,74,4.7,Yes,Yes,78,84,NotPlaced
4134,7.5,1,2,69,3.2,No,Yes,55,65,NotPlaced
1296,6.5,2,1,67,3.7,No,No,55,67,NotPlaced
3620,7.6,1,1,79,4.3,No,Yes,55,58,NotPlaced
9694,7.5,1,1,72,4.2,No,No,57,72,NotPlaced
7552,7.8,0,1,63,4.2,No,Yes,56,70,NotPlaced
1661,8,1,2,78,3.8,Yes,No,79,71,NotPlaced
2867,7.7,1,3,76,4,No,No,65,61,NotPlaced
295,7.7,0,1,79,4.8,No,Yes,58,71,NotPlaced
2384,7.7,1,1,70,4.3,Yes,Yes,75,70,NotPlaced
6227,6.6,1,1,72,4.8,No,No,65,66,NotPlaced
6244,7.4,1,2,83,3.9,No,Yes,58,64,NotPlaced
6381,6.6,1,1,60,3.3,No,No,56,66,NotPlaced
525,7.5,1,3,89,4.2,No,Yes,72,71,NotPlaced
7636,7.7,1,2,80,4.4,No,Yes,81,57,NotPlaced
6629,7.3,2,1,87,4.2,Yes,No,90,65,NotPlaced
3027,6.5,0,1,80,4.3,No,No,61,60,NotPlaced
6762,7.4,0,2,81,3.8,Yes,Yes,72,73,NotPlaced
676,8.2,1,3,85,4.8,Yes,Yes,55,82,NotPlaced
2790,7.5,1,1,77,3.8,No,Yes,63,65,NotPlaced
1988,7.5,0,2,67,4.4,No,Yes,55,68,NotPlaced
3614,7.6,1,2,82,4.3,No,Yes,64,71,NotPlaced
441,6.5,1,1,73,4.1,No,Yes,55,66,NotPlaced
50,7.7,1,2,74,3.8,Yes,No,55,66,NotPlaced
1662,8.6,1,3,90,4.5,Yes,Yes,84,88,NotPlaced
1801,8.3,1,2,72,4.2,No,Yes,61,63,NotPlaced
3583,7.4,0,1,70,3.2,No,Yes,55,57,NotPlaced
9609,6.5,2,2,83,4.1,Yes,Yes,57,81,NotPlaced
787,7.4,1,1,67,4.5,No,No,55,67,NotPlaced
6745,7.5,1,1,70,3.7,No,Yes,55,72,NotPlaced
6820,7.8,2,3,83,4.5,Yes,No,90,83,NotPlaced
3599,6.9,0,3,85,4.8,No,No,58,58,NotPlaced
7487,6.9,1,1,61,4.6,Yes,Yes,55,64,NotPlaced
8367,7.3,0,1,71,4.6,No,No,57,67,NotPlaced
4043,8,1,1,73,4.2,No,No,83,63,NotPlaced
5250,8.1,1,2,75,4.2,Yes,No,76,69,NotPlaced
8017,7.8,1,2,84,3,Yes,Yes,62,70,NotPlaced
3188,8.2,1,1,68,3.7,Yes,No,68,62,NotPlaced
9686,7.3,1,1,75,3.7,No,Yes,56,74,NotPlaced
5180,7.3,0,2,79,4.2,Yes,No,78,69,NotPlaced
9407,7,0,1,85,4.4,No,Yes,66,61,NotPlaced
3475,7.7,2,2,83,4.3,Yes,Yes,75,80,NotPlaced
964,7.6,1,1,81,3.8,No,Yes,59,60,NotPlaced
29,7.5,1,2,84,4.4,No,No,66,73,NotPlaced
9377,7.6,1,1,72,3.8,No,No,72,67,NotPlaced
838,7.7,1,1,85,4.7,Yes,Yes,80,82,NotPlaced
6382,7.4,1,2,84,4.1,No,Yes,55,64,NotPlaced
5050,8,1,1,83,4.2,Yes,Yes,78,79,NotPlaced
2327,7.5,1,1,67,4.3,No,No,61,69,NotPlaced
2579,6.7,0,2,82,4.3,No,Yes,55,62,NotPlaced
8970,7.9,1,2,81,4.8,No,Yes,74,65,NotPlaced
1869,7.4,1,1,75,3.7,No,No,61,68,NotPlaced
8675,6.5,1,1,77,4.2,No,Yes,55,70,NotPlaced
4945,7.7,1,3,78,3.9,Yes,No,66,83,NotPlaced
1183,7.7,1,3,74,4.4,Yes,Yes,55,85,NotPlaced
1895,7.5,0,1,66,4.3,No,No,60,68,NotPlaced
5164,7.9,1,2,82,4.7,Yes,Yes,79,80,NotPlaced
6108,7.8,0,3,87,4.4,Yes,Yes,71,70,NotPlaced
903,8,1,1,77,3.7,Yes,Yes,73,69,NotPlaced
7008,6.5,2,3,77,4.3,No,Yes,87,67,NotPlaced
9348,8.6,2,3,90,4.8,Yes,Yes,82,82,NotPlaced
1542,7.6,1,1,81,4.2,Yes,Yes,86,81,NotPlaced
9290,7.4,1,1,87,3.7,No,Yes,80,76,NotPlaced
5322,6.6,1,2,73,4.3,Yes,No,58,66,NotPlaced
4008,8.6,1,2,90,4.5,Yes,Yes,83,81,NotPlaced
4344,7.6,1,1,69,4.5,No,No,57,62,NotPlaced
9419,6.6,1,3,67,3.9,No,Yes,55,71,NotPlaced
8704,6.5,0,1,62,4.6,No,No,61,66,NotPlaced
16,7.4,0,2,78,4.4,No,No,63,66,NotPlaced
3779,7.7,1,1,76,4.4,No,No,66,68,NotPlaced
1497,6.5,0,2,71,4.1,No,Yes,55,86,NotPlaced
2501,8,1,2,90,4.3,Yes,Yes,75,70,NotPlaced
5923,7.9,1,2,76,4.7,Yes,No,78,61,NotPlaced
4251,7.8,1,2,82,4.4,Yes,Yes,55,67,NotPlaced
383,7.3,0,1,80,3.6,No,Yes,62,65,NotPlaced
9918,7.4,1,2,70,4.3,No,Yes,55,71,NotPlaced
845,7.4,0,2,88,3.6,No,No,75,68,NotPlaced
9771,8.1,1,3,90,4.6,Yes,Yes,76,86,NotPlaced
5095,6.5,0,1,64,3.9,No,Yes,58,68,NotPlaced
65,7.6,1,2,77,4.6,Yes,No,84,67,NotPlaced
4478,7.2,1,1,84,4.3,No,Yes,63,67,NotPlaced
4195,7.5,1,1,85,4.2,No,Yes,72,62,NotPlaced
7463,7.5,0,1,72,4.4,No,Yes,55,69,NotPlaced
763,7.7,1,1,70,3.9,No,Yes,55,67,NotPlaced
9333,7.6,1,3,71,4.2,Yes,Yes,72,68,NotPlaced
9795,7.8,0,2,82,4.3,Yes,Yes,74,67,NotPlaced
8854,7.6,2,1,79,4.8,Yes,Yes,55,70,NotPlaced
895,7.6,1,1,74,4,No,Yes,60,68,NotPlaced
6821,7.6,1,1,70,4.6,No,Yes,60,72,NotPlaced
9298,8,0,2,67,4.1,Yes,Yes,74,75,NotPlaced
999,7.4,1,2,78,4.6,No,No,78,65,NotPlaced
5465,6.5,1,3,84,4.5,No,Yes,76,72,NotPlaced
4108,7.4,1,1,71,3.3,No,No,55,66,NotPlaced
4605,7.1,1,1,66,4.2,No,No,55,65,NotPlaced
7922,7.5,2,1,79,3.4,Yes,No,90,64,NotPlaced
4521,8.4,1,2,84,4.3,Yes,Yes,72,67,NotPlaced
6734,7.3,1,2,81,3.8,No,Yes,76,64,NotPlaced
7437,6.5,0,1,74,4.2,No,No,64,72,NotPlaced
5687,8.1,0,2,84,4.7,No,Yes,61,69,NotPlaced
7618,7.7,1,2,81,4.4,No,Yes,75,83,NotPlaced
1795,7.4,1,2,76,4.3,No,Yes,77,71,NotPlaced
8326,8.7,1,3,79,4.6,Yes,Yes,76,88,NotPlaced
9935,6.6,1,2,71,4.4,Yes,Yes,69,68,NotPlaced
9671,7.4,0,2,80,4.8,No,Yes,55,68,NotPlaced
2982,7.7,0,1,77,3.3,No,No,56,68,NotPlaced
7063,8.1,1,1,83,4.7,Yes,Yes,75,83,NotPlaced
4607,6.5,1,2,71,4.4,No,No,55,61,NotPlaced
5110,7.8,1,2,80,4.7,Yes,Yes,55,66,NotPlaced
9641,7.6,0,1,82,4.1,No,No,61,69,NotPlaced
6317,6.5,1,1,60,4,No,No,62,69,NotPlaced
5578,7,1,1,74,4.4,No,Yes,64,61,NotPlaced
1573,8.5,1,2,73,4.2,Yes,Yes,76,88,NotPlaced
8742,7.7,1,1,64,4.5,No,No,55,65,NotPlaced
9458,8.3,2,3,79,4.6,Yes,No,79,80,NotPlaced
531,6.7,1,2,68,4.6,No,Yes,72,68,NotPlaced
3191,8.3,1,2,69,4.4,No,Yes,55,63,NotPlaced
9020,7.6,1,1,73,3.9,No,No,65,70,NotPlaced
8426,7.3,1,2,73,4,No,No,56,75,NotPlaced
5661,6.5,1,1,85,4.8,No,Yes,55,61,NotPlaced
2277,6.5,0,1,73,3.7,No,No,72,67,NotPlaced
7744,8.4,1,2,82,4.5,Yes,Yes,76,85,NotPlaced
3106,6.7,1,1,75,4.1,No,No,64,59,NotPlaced
4723,8.1,2,2,65,4.8,Yes,No,56,68,NotPlaced
6180,7.6,2,1,66,3.7,No,No,64,71,NotPlaced
6741,7.5,2,1,82,4.3,No,Yes,71,63,NotPlaced
5635,7.6,0,1,75,4.5,No,No,80,66,NotPlaced
6421,8.2,0,3,84,4.6,Yes,Yes,71,84,NotPlaced
9902,6.5,1,1,76,4,No,No,55,65,NotPlaced
5810,6.6,1,2,64,3.5,No,Yes,62,66,NotPlaced
3129,6.9,0,2,63,4.3,No,No,69,68,NotPlaced
6070,6.9,1,1,79,4.7,Yes,No,71,71,NotPlaced
7624,7.4,1,1,73,4.2,Yes,No,66,87,NotPlaced
8913,8.2,1,2,90,4.8,Yes,No,70,85,NotPlaced
2326,7.4,2,3,79,4.4,No,Yes,75,73,NotPlaced
1503,8.3,1,3,86,4.8,Yes,Yes,67,81,NotPlaced
1018,6.5,1,1,70,4.2,No,No,55,59,NotPlaced
8235,7.4,1,1,70,4,No,No,56,67,NotPlaced
6676,6.5,1,1,64,3.5,No,No,55,65,NotPlaced
6993,7.9,1,2,68,4,No,Yes,71,68,NotPlaced
2666,7.6,1,3,72,4,Yes,No,66,74,NotPlaced
9048,6.5,1,2,84,4.6,Yes,Yes,57,66,NotPlaced
4529,8.4,2,1,78,3.9,Yes,Yes,57,62,NotPlaced
9280,7.8,0,2,71,4.4,No,Yes,55,66,NotPlaced
4063,6.6,1,3,74,4.5,Yes,Yes,76,71,NotPlaced
8473,6.5,1,1,77,4.3,No,No,55,66,NotPlaced
403,6.9,0,1,76,3.8,No,No,61,67,NotPlaced
5826,8.7,1,3,85,4.1,Yes,Yes,83,86,NotPlaced
3952,7.5,0,3,67,4.1,Yes,Yes,74,67,NotPlaced
5366,8.5,0,2,79,4.5,No,No,72,74,NotPlaced
499,7.5,0,2,71,3.4,No,No,55,62,NotPlaced
5021,8.1,0,3,77,3.9,Yes,No,69,65,NotPlaced
7940,7.6,1,2,72,4.4,No,No,74,73,NotPlaced
2728,7.9,0,3,77,4,Yes,Yes,55,61,NotPlaced
1745,7.5,1,1,78,3.8,No,Yes,55,76,NotPlaced
2838,7.3,1,1,70,3.9,No,No,61,64,NotPlaced
4990,7.7,1,1,64,3.9,No,No,58,66,NotPlaced
4594,8.6,0,3,90,4,Yes,No,75,85,NotPlaced
147,7.9,1,1,62,4.6,Yes,Yes,87,82,NotPlaced
8612,7.7,0,1,64,3.9,No,Yes,55,63,NotPlaced
6997,8.6,2,3,90,4.8,Yes,Yes,84,85,NotPlaced
4770,7.5,1,1,69,4.5,No,No,64,66,NotPlaced
4140,8.1,2,2,79,4.4,Yes,Yes,75,82,NotPlaced
9535,8.3,1,1,76,4.2,No,Yes,65,62,NotPlaced
5513,8.7,0,2,84,4.5,Yes,Yes,83,84,NotPlaced
1780,8.1,1,1,71,4.2,No,No,55,61,NotPlaced
551,7.7,2,2,74,4.1,No,Yes,55,63,NotPlaced
8005,7.4,1,2,80,4.2,Yes,Yes,62,79,NotPlaced
2172,7.1,2,1,72,4.3,No,Yes,56,63,NotPlaced
5873,7.6,0,1,66,4,No,No,61,69,NotPlaced
9747,7.3,0,1,72,3.6,No,Yes,59,67,NotPlaced
4657,7.6,1,1,81,4,No,No,55,70,NotPlaced
5081,8,2,3,90,4.7,Yes,Yes,77,70,NotPlaced
8741,7.3,1,1,79,4.5,No,Yes,55,67,NotPlaced
9624,7.6,1,2,66,3.5,No,Yes,57,62,NotPlaced
5837,8.2,1,1,88,3.9,No,Yes,66,64,NotPlaced
415,7.6,1,3,73,4.4,No,Yes,55,62,NotPlaced
6879,6.5,1,2,70,4,No,Yes,68,66,NotPlaced
9715,7.4,1,1,67,3.7,No,Yes,61,61,NotPlaced
4943,8.1,2,3,89,4.6,Yes,Yes,73,83,NotPlaced
9688,7.7,1,1,82,4,No,No,55,61,NotPlaced
2493,8,0,1,70,3.6,No,No,56,63,NotPlaced
617,6.9,1,1,74,4.3,No,Yes,57,57,NotPlaced
7755,7.7,0,2,77,4.1,No,No,65,69,NotPlaced
7964,7.2,1,2,80,4.6,No,Yes,65,58,NotPlaced
7835,6.5,1,3,76,4.1,Yes,Yes,55,74,NotPlaced
3664,7.3,1,2,82,4.6,Yes,Yes,71,70,NotPlaced
1150,6.9,1,1,71,4.5,No,Yes,55,63,NotPlaced
5685,7.4,2,3,77,4.4,Yes,Yes,78,65,NotPlaced
8381,7.6,1,1,79,4.2,Yes,No,57,61,NotPlaced
8813,7.8,1,3,76,4.4,Yes,Yes,74,74,NotPlaced
6571,7.5,1,1,74,3.4,No,Yes,57,73,NotPlaced
3734,7.2,1,2,79,3.2,No,No,57,72,NotPlaced
9823,7.5,1,1,75,4.3,No,Yes,56,66,NotPlaced
7511,6.5,1,3,75,3.8,Yes,Yes,79,67,NotPlaced
3655,8.3,2,3,83,4.1,Yes,Yes,81,66,NotPlaced
9499,7,1,2,81,4.5,No,Yes,81,61,NotPlaced
9312,7.3,1,1,70,3.9,No,No,59,62,NotPlaced
3254,7.6,1,1,83,3.7,Yes,Yes,69,82,NotPlaced
519,7.9,1,2,75,4.6,Yes,Yes,71,85,NotPlaced
6005,8.2,0,1,76,4.3,No,No,77,64,NotPlaced
7836,6.5,1,1,78,4.4,No,Yes,66,74,NotPlaced
5499,7.4,2,2,68,3.8,No,Yes,55,66,NotPlaced
4082,6.5,1,2,80,4.1,No,Yes,66,66,NotPlaced
3824,6.7,0,2,63,4.4,No,Yes,59,61,NotPlaced
7175,7.5,2,3,86,4.1,Yes,Yes,69,86,NotPlaced
248,6.7,1,2,73,4.3,No,Yes,71,66,NotPlaced
9408,7.7,0,1,69,4.1,No,No,63,65,NotPlaced
3189,7.6,1,1,73,4.3,No,Yes,68,64,NotPlaced
488,8.6,2,1,73,4.6,Yes,No,55,82,NotPlaced
7296,7.7,0,1,67,4.4,No,No,55,61,NotPlaced
4502,7.2,1,2,76,3.6,No,No,60,75,NotPlaced
8734,6.5,2,1,74,4.5,No,No,63,83,NotPlaced
498,7.7,0,3,86,4.7,No,Yes,79,67,NotPlaced
887,7.6,1,2,60,3.9,No,No,55,63,NotPlaced
7033,7.5,1,1,85,4.1,Yes,Yes,74,86,NotPlaced
5804,8,1,3,77,4.5,Yes,Yes,79,71,NotPlaced
6608,7.9,2,2,90,3.6,Yes,Yes,69,71,NotPlaced
1879,6.8,2,1,83,4.7,Yes,No,79,61,NotPlaced
4055,7.6,0,1,72,4.5,No,No,60,66,NotPlaced
2321,7.6,1,2,79,4.1,No,Yes,71,62,NotPlaced
9567,7.4,2,1,75,4.4,Yes,Yes,55,68,NotPlaced
5085,8.3,2,3,89,3.9,Yes,Yes,78,88,NotPlaced
9617,7.4,1,2,83,4.1,No,Yes,90,88,NotPlaced
9120,6.5,1,1,78,4,No,No,55,71,NotPlaced
1687,8.1,1,1,80,4.6,No,No,59,58,NotPlaced
1766,7.5,1,2,65,4.7,No,Yes,63,69,NotPlaced
2834,8.1,1,2,84,4.3,Yes,Yes,75,84,NotPlaced
9586,7.6,1,1,68,3.7,No,No,55,67,NotPlaced
9995,7.8,2,2,80,4.8,Yes,Yes,79,69,NotPlaced
6860,7.6,1,3,80,4.8,Yes,Yes,71,85,NotPlaced
6391,8.6,1,1,83,3,No,No,55,72,NotPlaced
7153,6.7,1,1,67,4.6,No,Yes,57,64,NotPlaced
8283,7.4,1,1,70,4.3,No,Yes,72,75,NotPlaced
8052,6.5,1,1,80,3.8,No,Yes,64,69,NotPlaced
8517,7.4,2,3,80,4.8,Yes,Yes,70,67,NotPlaced
9642,6.8,1,3,80,4.4,No,Yes,75,67,NotPlaced
1922,8.6,1,3,82,4.8,Yes,Yes,87,68,NotPlaced
5238,7.7,0,1,86,4.5,Yes,Yes,64,68,NotPlaced
8452,7.4,0,1,68,4.1,No,Yes,81,73,NotPlaced
976,8,2,2,83,4.5,Yes,Yes,72,88,NotPlaced
9754,6.7,1,1,66,4.4,No,No,78,68,NotPlaced
744,6.7,1,1,78,3.1,No,Yes,74,58,NotPlaced
5208,8.6,1,1,73,3.8,Yes,No,64,64,NotPlaced
1741,7.5,1,2,81,4.4,Yes,Yes,69,82,NotPlaced
1775,7.4,0,1,75,3.8,No,No,56,66,NotPlaced
2619,7.4,1,0,67,3.6,No,No,55,63,NotPlaced
5911,6.7,1,1,66,3.5,Yes,No,86,69,NotPlaced
639,7.4,1,2,68,4.3,No,Yes,56,67,NotPlaced
3059,7.3,1,2,70,4,No,No,55,73,NotPlaced
9931,7.4,1,1,78,3.9,No,Yes,58,63,NotPlaced
5445,6.5,1,1,71,4.2,Yes,Yes,55,75,NotPlaced
712,6.5,1,2,70,3.8,No,No,61,70,NotPlaced
2163,7.8,0,1,61,3.8,No,No,60,71,NotPlaced
6616,6.7,1,2,64,3.1,No,Yes,55,68,NotPlaced
8584,7.8,0,1,74,3.3,No,No,55,63,NotPlaced
7528,6.6,2,1,67,3.9,No,No,55,74,NotPlaced
8423,8.3,0,1,90,4.1,No,No,63,66,NotPlaced
3955,7.4,0,3,75,4,Yes,Yes,60,73,NotPlaced
9046,8.3,2,3,90,4.3,Yes,Yes,75,84,NotPlaced
1330,7.6,2,2,74,3.8,Yes,Yes,75,84,NotPlaced
6222,7.8,1,3,79,4.2,No,No,81,70,NotPlaced
7056,6.5,2,1,85,4.7,No,Yes,66,85,NotPlaced
213,8.6,2,3,78,4.8,Yes,Yes,82,81,NotPlaced
176,6.7,1,2,73,4.5,No,Yes,55,65,NotPlaced
3193,7.4,1,1,64,3.7,No,No,56,59,NotPlaced
1842,7.3,0,1,74,3.8,No,Yes,60,65,NotPlaced
6185,7.6,1,2,79,4.3,No,Yes,75,72,NotPlaced
449,6.5,1,1,80,4.3,Yes,Yes,75,68,NotPlaced
2118,7.8,0,1,81,4.2,No,No,63,58,NotPlaced
81,6.6,1,1,69,3.6,No,Yes,55,72,NotPlaced
6345,8.4,1,3,90,4.8,Yes,No,77,82,NotPlaced
2002,8.1,1,2,83,4.6,Yes,Yes,75,75,NotPlaced
3603,8.5,0,3,81,4.1,No,No,73,75,NotPlaced
7554,7.8,1,1,63,4.1,No,Yes,55,67,NotPlaced
7790,7.9,2,1,70,4.7,No,No,61,63,NotPlaced
474,7.8,0,3,77,4.2,Yes,Yes,83,76,NotPlaced
231,7.5,1,1,70,4.6,No,No,59,66,NotPlaced
2241,7.8,1,1,73,3.2,No,Yes,57,69,NotPlaced
4983,7.6,0,1,82,4.3,No,Yes,71,72,NotPlaced
377,8.1,1,3,90,4.7,Yes,Yes,70,85,Placed
4835,8.5,1,3,89,4.3,Yes,Yes,77,70,Placed
8968,7.4,1,1,80,4.3,No,Yes,58,69,Placed
1926,6.9,1,2,78,4.5,No,Yes,68,64,Placed
2972,8.6,0,3,81,4.6,Yes,Yes,74,85,Placed
7908,7.8,2,3,90,4.7,Yes,Yes,85,82,Placed
3750,8.4,2,3,84,4.7,Yes,Yes,77,85,Placed
1682,8.3,1,2,82,4.4,Yes,Yes,76,85,Placed
7401,7.9,1,1,89,4.5,Yes,Yes,78,81,Placed
5555,8.4,2,3,90,4.8,Yes,Yes,75,88,Placed
731,8.1,2,3,90,4.8,Yes,Yes,80,83,Placed
2452,7.8,2,1,86,4.3,No,Yes,78,80,Placed
1493,7.5,1,3,72,4.5,Yes,Yes,79,83,Placed
1691,8.2,2,3,90,4.8,Yes,No,75,80,Placed
6448,7.6,1,2,88,4.7,No,Yes,83,86,Placed
728,8.7,1,3,90,4.7,Yes,Yes,74,86,Placed
4321,7.5,0,2,70,4.4,Yes,Yes,55,73,Placed
4336,8.4,2,3,90,4.5,Yes,Yes,73,82,Placed
1914,6.5,1,1,87,4.2,Yes,Yes,80,82,Placed
2936,8.6,2,3,90,4.8,Yes,Yes,58,71,Placed
9062,7.6,0,2,85,4.2,Yes,Yes,81,83,Placed
8453,8.2,2,3,90,4.8,Yes,No,76,88,Placed
4550,7.5,1,1,74,4.6,Yes,Yes,80,65,Placed
3876,8.4,2,2,84,4.8,Yes,Yes,87,87,Placed
8441,8.5,2,3,90,4.8,Yes,Yes,70,86,Placed
6163,8.5,2,3,90,4.8,Yes,Yes,82,83,Placed
8354,8.6,2,3,90,4.8,Yes,Yes,89,84,Placed
1445,8.1,1,3,90,4.8,Yes,Yes,77,87,Placed
365,7.5,0,3,90,4.8,Yes,Yes,82,81,Placed
205,8.2,1,1,81,4.3,Yes,Yes,60,70,Placed
9176,7.8,1,3,83,4.5,Yes,Yes,68,86,Placed
5995,6.5,1,3,72,4.6,Yes,Yes,85,69,Placed
3460,8,1,2,73,4.4,Yes,Yes,84,75,Placed
5584,6.5,1,3,90,4.6,Yes,Yes,84,80,Placed
8067,8.5,2,3,81,4.5,Yes,Yes,78,84,Placed
6241,8.6,2,2,81,4.6,Yes,Yes,83,84,Placed
530,8.1,1,3,90,4.5,Yes,Yes,77,81,Placed
771,7.6,2,3,84,4.6,Yes,Yes,72,85,Placed
9622,8.2,2,3,90,4.8,Yes,Yes,79,86,Placed
3886,8.4,2,3,87,4.8,Yes,No,84,81,Placed
2961,8.5,1,3,74,4.3,Yes,Yes,78,62,Placed
1649,8.5,2,3,90,4.5,Yes,Yes,82,85,Placed
4786,8.2,2,1,82,4.7,Yes,Yes,63,72,Placed
8672,8.3,1,2,72,3.9,Yes,Yes,74,79,Placed
7111,8.5,2,3,87,4.8,Yes,Yes,74,86,Placed
6597,8.5,1,3,85,4.3,Yes,Yes,72,84,Placed
9850,6.8,2,2,80,4.5,Yes,Yes,72,82,Placed
2478,8.3,2,3,85,4.5,Yes,Yes,87,80,Placed
3409,7.8,2,3,90,4.8,Yes,Yes,68,87,Placed
5368,8.1,2,3,86,4.3,Yes,Yes,73,81,Placed
8133,7.7,2,2,90,4.8,Yes,Yes,81,88,Placed
379,8.2,2,2,81,4.8,Yes,Yes,78,83,Placed
1396,8,1,3,89,4.5,Yes,Yes,82,83,Placed
7317,8.3,2,3,84,4.7,Yes,Yes,68,80,Placed
1243,8.3,0,1,90,4.8,Yes,Yes,81,82,Placed
4330,8.5,2,3,90,4.2,Yes,No,73,83,Placed
8852,8.4,2,3,89,4.1,Yes,Yes,83,80,Placed
670,7.6,1,1,76,4,No,Yes,75,70,Placed
3035,7.3,1,3,87,4.3,No,Yes,55,86,Placed
7091,8,0,3,81,4.5,Yes,Yes,85,88,Placed
3844,8.5,1,2,85,4.1,Yes,Yes,73,86,Placed
7664,8.5,1,2,81,4.4,Yes,Yes,79,75,Placed
281,8.3,2,3,90,4.8,Yes,No,55,80,Placed
8730,9,2,3,90,4.8,Yes,Yes,83,88,Placed
8901,8.3,2,3,88,4.8,Yes,Yes,83,86,Placed
8475,8.3,1,3,88,4.8,Yes,Yes,77,85,Placed
5765,8.6,1,2,78,4.8,Yes,Yes,84,87,Placed
6752,8.3,2,3,83,4.5,Yes,Yes,60,63,Placed
7659,7.3,0,2,86,4.8,Yes,Yes,74,86,Placed
2644,8.9,2,1,90,4.7,Yes,Yes,75,84,Placed
8164,8.2,0,3,81,4.2,Yes,Yes,68,85,Placed
6592,8.3,1,2,85,4.6,Yes,Yes,75,88,Placed
5681,8.6,2,3,90,4.6,Yes,Yes,76,85,Placed
5332,7.6,1,3,80,4.6,No,Yes,60,73,Placed
4892,8.3,2,3,82,4.3,No,Yes,74,60,Placed
438,8.4,2,3,90,4.8,Yes,Yes,82,86,Placed
5416,7.4,1,2,80,4.6,No,Yes,76,71,Placed
9549,7.4,1,1,82,3.8,No,Yes,55,72,Placed
4963,9.1,1,1,75,3.8,No,No,55,62,Placed
9131,8.2,1,3,89,4.8,Yes,Yes,77,83,Placed
1635,8.1,2,3,90,4.7,Yes,Yes,81,83,Placed
920,7.8,0,3,69,4.2,Yes,Yes,73,71,Placed
1228,7.5,1,3,82,4.5,Yes,Yes,74,80,Placed
3408,7.9,1,3,90,4.7,Yes,Yes,83,82,Placed
456,7.7,1,3,84,4.6,Yes,Yes,80,83,Placed
245,7.6,2,3,88,4.4,No,Yes,80,68,Placed
1258,7.5,2,2,70,4.2,Yes,Yes,71,67,Placed
3569,7.8,2,3,90,4.8,Yes,Yes,90,79,Placed
4703,8.5,2,3,90,4.6,Yes,Yes,74,85,Placed
6494,8.4,1,2,76,4,Yes,Yes,55,84,Placed
4218,8.3,2,3,84,4.8,Yes,Yes,82,85,Placed
1657,8.2,1,2,79,4.8,Yes,Yes,74,70,Placed
6245,8.1,2,3,83,4.6,Yes,Yes,83,85,Placed
4739,7.6,0,3,85,4.3,No,Yes,64,83,Placed
7491,8.4,1,1,81,4.6,Yes,Yes,70,70,Placed
5141,8.5,2,3,90,4.8,Yes,Yes,78,83,Placed
8155,7.8,2,3,90,4.7,Yes,Yes,78,82,Placed
448,7.7,0,3,89,4.4,Yes,Yes,82,85,Placed
1458,8.2,2,3,90,4.5,Yes,Yes,83,82,Placed
3678,7.5,1,3,79,4.4,Yes,No,65,64,Placed
8785,7.9,1,1,72,4.8,Yes,No,64,69,Placed
1309,8.2,2,2,85,4.1,No,Yes,84,84,Placed
8207,8.4,2,3,90,4.8,Yes,Yes,80,86,Placed
4205,8.5,1,3,90,4.8,Yes,Yes,83,84,Placed
431,7.9,2,3,86,4.7,Yes,Yes,69,82,Placed
6316,8.1,0,3,88,4.7,Yes,No,88,86,Placed
4294,8.2,2,3,90,4.8,Yes,Yes,88,80,Placed
7853,8.4,1,1,90,4.8,Yes,Yes,83,86,Placed
9914,7.6,2,1,88,4.6,Yes,Yes,70,87,Placed
8599,7.2,2,2,87,4.7,Yes,Yes,65,87,Placed
6208,8.5,2,1,85,4.7,No,Yes,75,84,Placed
5700,8.2,1,2,86,4.5,Yes,Yes,74,83,Placed
1935,8.4,2,3,90,4.8,Yes,Yes,80,84,Placed
7338,6.6,1,2,81,4.5,Yes,Yes,62,64,Placed
4394,7.7,1,1,80,4.2,Yes,Yes,79,84,Placed
4486,8.7,1,3,90,4.2,Yes,Yes,71,68,Placed
8590,8.1,2,1,78,4.7,Yes,Yes,78,71,Placed
165,6.5,1,1,85,4.3,Yes,No,62,72,Placed
1943,7.6,0,1,81,3.9,Yes,Yes,61,83,Placed
6721,8.8,0,3,90,4.8,Yes,Yes,77,85,Placed
8783,8.4,0,1,90,4.8,No,Yes,55,65,Placed
4061,7.9,1,2,77,4.2,Yes,Yes,84,64,Placed
412,7.5,1,3,90,4.2,Yes,Yes,80,72,Placed
73,8.1,2,3,90,4.8,Yes,Yes,80,86,Placed
7537,6.5,2,2,80,4.6,Yes,Yes,81,72,Placed
9745,8.9,2,3,90,4.3,Yes,Yes,61,83,Placed
9060,9.1,2,3,90,4.8,Yes,Yes,74,82,Placed
562,7.7,1,3,82,4.2,Yes,Yes,90,88,Placed
18,8.2,2,3,90,4.7,Yes,Yes,84,86,Placed
5632,8,1,3,90,4.4,Yes,Yes,72,82,Placed
2744,8.3,2,3,90,4.8,Yes,Yes,80,88,Placed
1579,8.8,0,3,90,4.1,Yes,Yes,73,85,Placed
3483,8.3,2,3,90,4.8,Yes,Yes,81,84,Placed
2789,6.8,0,1,84,4.1,Yes,Yes,62,86,Placed
6941,6.5,1,2,74,4.6,No,Yes,56,62,Placed
4668,8.3,2,3,90,4.7,No,Yes,71,73,Placed
7081,7.8,1,3,76,4.7,Yes,Yes,57,82,Placed
9733,8.4,1,3,80,4.6,Yes,Yes,74,81,Placed
9895,7.8,2,3,88,4.5,No,Yes,74,69,Placed
2532,7.3,1,1,76,4.3,No,No,55,70,Placed
8483,8.2,2,3,90,4.5,Yes,Yes,86,81,Placed
1247,8.4,2,2,79,4.7,Yes,Yes,76,80,Placed
4865,6.5,1,3,84,4.6,No,Yes,55,71,Placed
2060,8.4,0,3,87,4.8,Yes,No,82,75,Placed
1834,7.6,0,2,77,3.7,Yes,Yes,72,80,Placed
822,8.1,1,3,88,4.4,No,Yes,77,87,Placed
9748,8.4,1,2,86,4.8,Yes,Yes,81,87,Placed
8952,6.5,1,2,72,4,Yes,Yes,68,76,Placed
5737,8.3,2,3,90,4.8,Yes,Yes,81,87,Placed
3983,8.4,0,3,90,4.8,Yes,Yes,77,84,Placed
3539,8.2,1,1,79,4.5,Yes,Yes,81,63,Placed
2010,8.1,2,3,90,3.7,Yes,Yes,78,77,Placed
4316,8.5,1,2,86,4.6,Yes,Yes,73,75,Placed
4919,8.5,2,1,86,4.5,Yes,Yes,80,82,Placed
395,8.6,1,2,86,4.8,Yes,Yes,69,77,Placed
4843,7.6,2,3,90,4.8,Yes,Yes,75,86,Placed
8650,8,0,2,74,4.1,Yes,Yes,57,87,Placed
9784,8.4,1,2,83,4.2,Yes,Yes,72,83,Placed
8954,8.4,2,3,87,4.6,Yes,No,83,87,Placed
2139,8.4,1,3,83,4.8,Yes,Yes,77,85,Placed
1089,8.2,2,3,86,4.7,Yes,Yes,85,88,Placed
6537,8.6,1,2,81,4.3,Yes,Yes,79,84,Placed
2332,8.6,2,3,86,4.1,Yes,Yes,75,85,Placed
7707,8.4,1,1,85,4.8,Yes,Yes,75,84,Placed
3520,8.4,2,3,90,4.8,Yes,Yes,76,85,Placed
5288,7.9,0,3,90,4.4,Yes,No,75,86,Placed
8587,8.1,1,3,74,4,Yes,Yes,62,83,Placed
1769,8.6,2,3,86,4.8,Yes,No,77,85,Placed
3330,8,0,3,87,3.8,No,No,73,63,Placed
1937,8.6,2,3,89,4.8,Yes,No,79,78,Placed
8420,7,0,3,75,3.9,No,No,56,70,Placed
1719,8.5,2,3,88,4.8,Yes,Yes,83,85,Placed
5244,8.8,1,3,88,4.7,Yes,Yes,75,84,Placed
2539,8.4,2,3,90,4.8,Yes,Yes,69,63,Placed
5406,8.4,0,0,90,4.8,Yes,Yes,81,84,Placed
37,8.3,1,2,89,4.8,Yes,Yes,75,81,Placed
2435,8.4,0,3,90,4.8,Yes,Yes,83,83,Placed
7952,8.2,2,3,90,4.7,Yes,Yes,89,78,Placed
2555,8.2,2,3,90,4.1,Yes,Yes,73,69,Placed
5585,7.6,2,1,73,4,No,Yes,82,75,Placed
2741,8.4,2,3,86,4.7,Yes,Yes,84,83,Placed
3258,7.3,0,1,75,4.5,Yes,Yes,73,79,Placed
1452,7.5,1,2,80,4.1,Yes,Yes,55,82,Placed
5663,8.8,2,3,90,4.8,Yes,Yes,73,87,Placed
9045,7.9,2,3,79,4.3,Yes,No,68,82,Placed
6836,8,2,3,90,4.8,Yes,Yes,85,83,Placed
8328,8.2,2,3,90,4.8,Yes,Yes,74,88,Placed
164,6.9,0,1,73,4.1,No,Yes,55,69,Placed
2883,8.2,2,3,85,4.6,No,Yes,78,66,Placed
3595,7.7,0,1,77,4.1,No,Yes,77,71,Placed
4201,8.1,2,3,90,4.7,Yes,Yes,79,82,Placed
7139,8.2,1,2,90,4.3,Yes,No,84,80,Placed
3443,7.8,1,3,90,4.8,Yes,Yes,86,70,Placed
2750,8.6,1,3,90,4.8,Yes,Yes,87,81,Placed
3219,6.7,1,1,67,4.7,No,Yes,81,64,Placed
3444,8.6,1,3,79,4.3,Yes,Yes,88,80,Placed
5392,8.5,1,1,77,4.3,Yes,Yes,80,81,Placed
8071,8.8,1,3,90,4.8,Yes,Yes,75,82,Placed
2148,7,1,3,88,4.8,Yes,Yes,85,82,Placed
7379,8.5,1,3,86,4.5,Yes,Yes,89,77,Placed
5049,8.3,1,2,85,4.6,Yes,Yes,69,86,Placed
1827,6.7,1,1,73,4.5,No,Yes,60,79,Placed
541,8.7,2,3,90,4.8,Yes,Yes,75,88,Placed
6254,7.5,1,2,81,3.6,Yes,Yes,71,87,Placed
3200,8.3,1,3,90,4.8,Yes,Yes,67,85,Placed
5041,8.3,2,2,79,4.5,Yes,Yes,82,66,Placed
6841,8.6,1,1,77,4.6,Yes,Yes,87,86,Placed
3679,7.9,2,3,81,3.6,Yes,No,89,86,Placed
8778,7.6,0,3,82,4.5,No,No,78,64,Placed
2127,8.7,2,3,90,4.8,Yes,Yes,73,82,Placed
479,8.4,2,3,85,4.7,Yes,Yes,63,78,Placed
9074,7.6,1,2,72,4.2,No,Yes,59,65,Placed
3731,8.7,0,3,85,4.5,Yes,Yes,77,65,Placed
5853,8.5,1,3,90,4.8,Yes,Yes,82,86,Placed
6371,8.5,2,3,82,4.4,Yes,Yes,87,83,Placed
33,8.5,1,3,90,4.8,Yes,Yes,85,85,Placed
3897,8.4,2,3,89,4.8,Yes,Yes,74,82,Placed
8982,8.2,2,3,81,4.8,Yes,No,85,80,Placed
5921,7.1,1,3,88,4,Yes,Yes,78,65,Placed
4553,8.2,2,3,85,4.7,Yes,Yes,72,87,Placed
908,6.8,1,2,82,3.9,Yes,Yes,61,66,Placed
3808,8.5,2,3,84,4.8,Yes,Yes,86,88,Placed
1930,8.3,2,3,90,4.8,Yes,Yes,83,87,Placed
6698,7.6,1,1,77,4.1,No,Yes,57,67,Placed
3131,8.5,1,2,79,4.3,Yes,Yes,82,84,Placed
8883,6.6,1,3,79,4.6,Yes,Yes,78,75,Placed
5540,8.1,2,3,89,4.8,Yes,Yes,87,87,Placed
6080,8.1,1,3,80,4.7,No,Yes,67,67,Placed
3236,8.3,1,3,90,4.5,Yes,Yes,56,71,Placed
3292,8.3,0,3,90,4.8,Yes,Yes,83,84,Placed
6290,7.8,1,2,76,4.4,No,Yes,58,66,Placed
1738,8.4,0,1,86,4.3,Yes,Yes,57,67,Placed
779,7.5,2,2,79,4.5,Yes,Yes,82,82,Placed
8698,8.4,0,3,69,4.5,Yes,Yes,55,84,Placed
3311,8.5,0,3,90,4.7,Yes,Yes,70,86,Placed
1765,8.3,2,3,90,4.5,Yes,Yes,74,88,Placed
4981,8.5,2,3,90,4.8,Yes,Yes,82,87,Placed
6655,8.3,1,3,83,4.7,Yes,No,77,87,Placed
9288,8,2,3,90,4.8,Yes,Yes,75,88,Placed
877,8.7,1,3,90,4.8,Yes,Yes,76,85,Placed
3472,6.7,0,3,88,4.7,Yes,Yes,82,82,Placed
8046,8.2,1,2,89,4.8,Yes,Yes,73,70,Placed
9724,8.1,1,3,89,4.4,Yes,Yes,76,88,Placed
4192,7.8,2,3,83,4.2,Yes,Yes,80,87,Placed
598,7.4,2,1,81,4,Yes,No,76,66,Placed
6178,7.6,1,1,85,4.3,No,Yes,60,87,Placed
7714,8.3,1,3,84,4.6,Yes,Yes,71,80,Placed
5168,8.8,2,3,84,4.3,Yes,Yes,82,81,Placed
760,8.6,1,2,74,4.4,No,No,55,66,Placed
6669,8.1,2,3,90,4.8,Yes,Yes,73,88,Placed
7068,8.5,2,3,90,4.8,Yes,Yes,83,86,Placed
4869,8.5,2,3,85,4.1,Yes,Yes,89,79,Placed
8795,6.5,0,2,85,4.8,No,No,89,67,Placed
6087,8.1,2,3,90,4.8,Yes,Yes,89,85,Placed
6333,7.6,1,2,81,4.7,Yes,Yes,57,65,Placed
9681,8.1,2,3,86,4.8,No,Yes,79,81,Placed
2255,8,1,3,86,4.8,Yes,No,84,85,Placed
9589,8.2,2,3,83,4.5,Yes,Yes,77,83,Placed
2693,8.4,1,3,86,4.7,Yes,Yes,80,84,Placed
3994,8.4,1,2,81,3.8,Yes,Yes,72,65,Placed
6815,8.3,1,3,90,4.8,Yes,No,82,84,Placed
2869,8.2,2,3,81,4.8,Yes,Yes,83,82,Placed
9943,8.1,2,2,90,4.8,Yes,Yes,80,70,Placed
2808,7.7,1,2,81,4.8,Yes,Yes,81,82,Placed
1137,7.7,1,2,88,4.8,Yes,Yes,70,85,Placed
336,7.8,1,3,89,4.6,Yes,Yes,73,79,Placed
5466,8.2,2,2,74,4.2,No,Yes,76,69,Placed
1932,6.9,1,3,90,4.8,Yes,Yes,76,85,Placed
7582,8.6,2,3,90,4.5,Yes,Yes,79,84,Placed
8662,8.5,2,3,90,4.8,Yes,Yes,75,88,Placed
8459,8.3,1,3,88,4,No,Yes,77,63,Placed
5608,8.4,1,3,89,4.8,Yes,Yes,79,84,Placed
1146,8.5,0,3,90,4.8,Yes,Yes,87,85,Placed
9338,8,2,3,90,4.8,Yes,Yes,86,85,Placed
6069,8.1,2,1,78,4.2,Yes,Yes,62,67,Placed
2907,8.3,2,3,90,4.8,Yes,Yes,76,84,Placed
3790,8.9,1,3,86,4.8,Yes,Yes,78,77,Placed
1814,8,2,1,85,4.5,No,No,66,63,Placed
6934,7.6,1,1,76,3.9,No,Yes,57,68,Placed
2228,7.8,1,3,81,4.5,Yes,Yes,79,72,Placed
3238,8.2,0,3,90,4.7,Yes,No,82,86,Placed
2650,7.9,2,1,70,4,Yes,Yes,67,81,Placed
3485,7.7,0,2,76,4.7,Yes,No,67,81,Placed
8636,7.3,0,1,75,4.7,Yes,Yes,67,72,Placed
7298,8.1,2,3,90,4.7,Yes,Yes,78,82,Placed
5725,8.6,2,3,90,4.8,Yes,Yes,85,82,Placed
1227,8.9,2,1,90,3.7,Yes,Yes,62,69,Placed
6672,8.3,2,1,79,4,Yes,Yes,62,67,Placed
6233,8.6,1,2,90,4.8,Yes,Yes,80,87,Placed
339,8.4,2,3,87,4.8,Yes,Yes,78,88,Placed
8721,8.6,2,2,76,4.7,Yes,No,67,84,Placed
7930,8.5,1,2,77,4.3,Yes,Yes,80,77,Placed
3627,6.7,1,2,73,4,No,Yes,58,68,Placed
9205,8,2,2,87,4.8,Yes,Yes,78,73,Placed
9837,8.3,1,3,90,4.8,Yes,Yes,78,88,Placed
4266,7.9,2,3,88,4.6,Yes,No,79,79,Placed
1772,8.4,0,3,90,4.3,Yes,Yes,76,88,Placed
4409,8.5,0,3,90,4.7,Yes,No,84,60,Placed
69,7.7,1,1,74,4.1,No,Yes,57,68,Placed
1998,8.1,2,3,87,4.4,Yes,Yes,86,88,Placed
8566,8.4,1,3,86,3.6,Yes,Yes,76,87,Placed
4240,6.6,0,3,85,4.7,Yes,Yes,62,86,Placed
6215,8.6,1,2,73,4.8,Yes,No,76,82,Placed
9133,8.2,1,3,81,4.5,Yes,No,70,83,Placed
6236,7.8,1,2,81,4.1,No,Yes,55,79,Placed
8555,8.6,2,3,90,4.8,No,Yes,71,85,Placed
9675,8.7,1,2,73,4.4,Yes,Yes,63,85,Placed
3114,8.3,1,3,89,4.8,Yes,Yes,86,86,Placed
9108,8.5,2,2,90,4.4,Yes,Yes,74,85,Placed
2169,8.7,0,3,90,4.8,Yes,Yes,79,85,Placed
1830,6.5,1,2,85,4,Yes,Yes,71,82,Placed
3971,8.2,1,3,90,4.7,Yes,Yes,81,88,Placed
1345,8.2,2,3,90,4.8,Yes,Yes,82,88,Placed
1221,8.3,1,2,74,4.7,Yes,Yes,88,65,Placed
6029,6.8,1,2,82,4.4,Yes,Yes,59,69,Placed
5534,8.2,2,2,80,4.5,Yes,Yes,80,85,Placed
7475,8.5,1,3,86,4.7,Yes,Yes,73,83,Placed
577,6.5,2,3,84,4.7,Yes,Yes,85,83,Placed
4710,8.4,2,3,90,4.6,Yes,Yes,70,78,Placed
8822,7.4,1,2,75,3.9,No,Yes,69,70,Placed
424,8.1,1,3,90,4.8,Yes,Yes,69,82,Placed
5903,8.6,1,3,90,4.8,Yes,Yes,71,87,Placed
1023,8.3,2,3,90,4.8,Yes,Yes,81,87,Placed
6646,8.2,2,3,83,4.3,Yes,Yes,84,87,Placed
8898,8.1,0,3,88,4.3,No,Yes,84,83,Placed
8755,8.4,2,3,90,4.8,Yes,Yes,80,87,Placed
4285,8.2,2,3,90,4.8,Yes,Yes,85,81,Placed
8990,8.2,2,3,90,4.8,Yes,Yes,85,88,Placed
2796,8.1,1,3,90,4.5,Yes,Yes,76,82,Placed
8637,8.5,2,3,90,4.8,Yes,Yes,76,86,Placed
2828,7.8,1,1,83,4,No,Yes,67,69,Placed
8850,8.6,1,3,90,4.8,Yes,Yes,78,85,Placed
6047,8.2,1,3,77,4.2,Yes,Yes,70,84,Placed
4931,8.6,2,3,90,4.8,Yes,Yes,76,88,Placed
8615,8.6,1,3,90,4.8,Yes,Yes,55,70,Placed
109,8.1,1,3,90,4.8,Yes,Yes,79,84,Placed
1238,8.8,1,3,74,4.3,Yes,Yes,71,79,Placed
3530,8,2,3,89,4.8,Yes,Yes,76,87,Placed
9601,8.5,2,3,90,4.8,Yes,Yes,80,83,Placed
99,7.7,1,3,89,4.6,No,Yes,61,84,Placed
4964,8.2,1,3,90,4.8,Yes,Yes,77,87,Placed
3185,6.8,1,2,80,3.8,No,Yes,77,80,Placed
1232,7.7,0,3,90,4.8,Yes,Yes,76,84,Placed
3939,7.6,1,3,87,4.4,Yes,Yes,71,71,Placed
7239,8.2,1,3,80,4.6,Yes,Yes,81,71,Placed
1451,6.9,0,3,81,4.2,No,Yes,83,85,Placed
4763,8.4,2,3,83,4.4,Yes,Yes,85,82,Placed
4401,6.6,1,1,86,4.4,Yes,Yes,68,69,Placed
1378,7.8,0,2,74,4.7,Yes,Yes,77,81,Placed
631,7.6,1,2,74,4.6,No,Yes,74,85,Placed
7724,8.5,2,3,86,4.6,Yes,Yes,69,85,Placed
5527,8.4,1,3,82,4.3,Yes,Yes,74,68,Placed
7761,8,1,3,86,4.2,Yes,Yes,73,88,Placed
5822,8.5,2,3,90,4.7,Yes,Yes,86,80,Placed
4789,8.6,2,1,80,4.5,Yes,Yes,83,81,Placed
800,8.3,2,3,90,4.8,Yes,Yes,77,85,Placed
6560,8.3,2,3,86,4.8,Yes,Yes,78,83,Placed
8713,8.2,1,1,68,3.9,No,Yes,70,66,Placed
7266,8.1,1,3,88,4.8,Yes,Yes,75,83,Placed
1370,7.9,2,3,85,4.4,Yes,Yes,77,82,Placed
7352,7.5,0,3,85,4.5,No,Yes,75,73,Placed
8399,8.4,1,0,75,4.7,Yes,Yes,76,76,Placed
5312,7.7,1,2,90,4.8,No,Yes,64,69,Placed
9806,8.2,1,3,78,4,No,Yes,58,85,Placed
4382,6.7,1,3,73,4.5,Yes,Yes,70,73,Placed
2480,8.2,1,1,84,3.9,Yes,Yes,61,60,Placed
1906,7.7,2,3,89,4.8,Yes,Yes,82,87,Placed
9693,8.8,2,3,90,4.8,Yes,Yes,82,88,Placed
7334,8.3,1,3,90,4.8,Yes,Yes,75,85,Placed
766,8.1,2,3,90,4.8,Yes,Yes,86,85,Placed
9115,7.6,0,2,74,4.8,Yes,Yes,81,72,Placed
2382,8.4,2,3,83,4.8,Yes,Yes,77,86,Placed
3418,8.1,1,3,90,4.6,Yes,Yes,72,88,Placed
4164,8.2,1,1,69,4.6,Yes,Yes,81,65,Placed
3145,7.6,1,3,81,4.7,Yes,Yes,79,82,Placed
1075,8.1,2,3,90,4.8,Yes,Yes,80,88,Placed
7385,8.6,2,3,90,4.8,Yes,Yes,81,87,Placed
4337,7.2,0,2,82,3.9,Yes,No,69,64,Placed
5568,7.5,1,3,83,4.1,Yes,Yes,78,81,Placed
1593,9,1,3,78,4.8,Yes,Yes,79,85,Placed
7855,6.7,1,2,85,4.8,Yes,Yes,75,83,Placed
8923,8.4,1,3,90,4.8,Yes,No,75,82,Placed
8416,7.7,2,3,90,4.8,Yes,No,78,81,Placed
7344,7.4,1,2,61,4.4,Yes,Yes,62,69,Placed
4802,7.7,2,1,74,4.1,Yes,Yes,78,68,Placed
2070,8.6,1,3,87,4.7,Yes,Yes,81,88,Placed
2701,6.7,1,1,86,4.8,No,Yes,55,64,Placed
5009,8.2,2,3,90,4.8,Yes,No,77,83,Placed
4211,8.3,0,3,84,4.8,Yes,Yes,80,84,Placed
3601,7.8,0,2,85,4.7,Yes,Yes,85,87,Placed
2495,7.9,1,3,90,4.6,Yes,Yes,81,88,Placed
3392,8,1,2,82,4.4,No,Yes,81,65,Placed
6756,8.2,2,3,90,4.8,Yes,Yes,84,88,Placed
9128,8.1,1,3,82,4.6,Yes,Yes,78,75,Placed
4377,6.5,1,2,74,4,No,Yes,80,64,Placed
2653,7.8,2,3,90,4.6,Yes,Yes,79,88,Placed
6146,7.1,0,3,90,4.8,Yes,Yes,74,87,Placed
8285,6.7,1,3,86,4.1,Yes,Yes,86,82,Placed
4176,7.6,1,2,74,3.7,Yes,Yes,79,86,Placed
228,8.7,2,3,87,4.7,Yes,Yes,80,84,Placed
3880,7.8,1,3,84,4.6,Yes,Yes,89,65,Placed
7094,7.5,1,1,87,4.6,No,No,58,65,Placed
6093,8,1,3,90,4.8,Yes,Yes,76,83,Placed
8450,8.4,2,3,89,4.6,Yes,Yes,77,85,Placed
44,8.6,2,3,88,4.7,Yes,Yes,80,87,Placed
8497,8.2,2,3,90,4.6,Yes,Yes,75,83,Placed
2610,7.3,0,3,90,4.1,Yes,Yes,80,80,Placed
4092,8.6,1,1,87,4.8,Yes,Yes,69,82,Placed
7080,7.6,1,3,81,4.2,No,Yes,83,69,Placed
8812,8.2,2,3,90,4.7,Yes,Yes,80,86,Placed
4359,7.8,2,3,90,4.8,Yes,Yes,78,83,Placed
430,8.3,1,2,90,4.5,Yes,Yes,82,80,Placed
985,8.3,1,1,88,4.1,Yes,No,70,80,Placed
8836,8,2,3,90,4.8,Yes,Yes,75,83,Placed
5053,8.5,2,2,88,4.8,Yes,Yes,76,86,Placed
776,8.4,1,2,71,4.5,Yes,Yes,68,81,Placed
4036,8.5,1,3,90,4.5,Yes,Yes,76,84,Placed
6973,8,2,2,90,4.8,Yes,Yes,84,87,Placed
556,8.3,2,3,88,4.7,Yes,Yes,70,85,Placed
5297,8.2,0,3,84,4,Yes,Yes,80,86,Placed
6844,7.6,2,1,79,4.5,Yes,Yes,80,80,Placed
8390,8.3,1,3,90,4.7,Yes,Yes,80,85,Placed
6106,8.1,2,3,79,3.9,Yes,Yes,82,80,Placed
7606,8,2,3,80,4.8,Yes,No,72,63,Placed
4647,7.4,1,1,81,4.6,Yes,Yes,68,85,Placed
2938,8.3,1,3,90,4.8,Yes,Yes,79,84,Placed
4938,8.5,1,1,82,4.4,Yes,Yes,82,85,Placed
9001,7.8,1,3,90,4.8,Yes,Yes,83,88,Placed
7913,7.8,2,2,81,4.5,Yes,Yes,85,57,Placed
4571,8.6,0,2,79,3.8,Yes,Yes,69,86,Placed
1462,6.5,1,1,83,4.1,No,Yes,81,66,Placed
1172,8.5,1,3,83,4.7,Yes,Yes,55,84,Placed
257,8.7,2,3,90,4.8,Yes,Yes,83,81,Placed
2813,7.9,1,2,90,4.2,Yes,Yes,81,86,Placed
4998,8.5,1,1,75,4.8,No,Yes,75,62,Placed
1027,7.8,1,3,87,4.3,Yes,Yes,73,72,Placed
6430,8.5,1,1,77,4.6,No,Yes,55,82,Placed
1441,8,2,3,90,4.8,Yes,Yes,83,87,Placed
5876,8.6,2,3,84,4.8,Yes,Yes,79,87,Placed
2019,8,0,3,90,4.7,Yes,Yes,71,88,Placed
314,8.2,1,3,90,4.3,No,Yes,77,82,Placed
9621,8,0,3,90,4.8,Yes,Yes,74,71,Placed
9166,8.1,2,3,90,4.8,Yes,Yes,85,84,Placed
393,8.9,0,3,89,4.8,Yes,No,77,78,Placed
3687,8.6,1,3,85,4.2,Yes,Yes,68,83,Placed
5929,6.9,1,3,87,4.8,Yes,Yes,71,86,Placed
4506,7,1,3,90,4.2,No,Yes,72,84,Placed
8457,7.6,1,1,77,3.7,No,Yes,55,67,Placed
5483,8.6,1,3,90,4.8,Yes,Yes,70,88,Placed
2984,7.8,0,2,65,4.3,Yes,No,56,67,Placed
8152,7.8,1,3,75,4.6,Yes,Yes,83,80,Placed
751,8.1,1,2,86,4.5,Yes,Yes,88,70,Placed
3476,8.2,1,3,90,4.8,Yes,Yes,85,84,Placed
9086,8.4,2,3,90,4.7,Yes,Yes,89,86,Placed
3377,8.2,2,3,87,4.6,Yes,No,87,86,Placed
6859,8.5,1,3,76,4.8,Yes,Yes,67,83,Placed
1560,8.3,2,3,90,4.7,Yes,Yes,65,69,Placed
239,8.5,2,3,90,4.8,Yes,Yes,80,79,Placed
5583,8.8,1,2,77,4.3,Yes,Yes,74,79,Placed
2497,8,0,3,80,4.6,Yes,Yes,86,84,Placed
1414,7.7,1,1,80,4.3,No,Yes,77,68,Placed
605,8.2,0,1,73,4.8,Yes,Yes,55,66,Placed
2301,8.8,0,3,82,4.8,Yes,Yes,63,78,Placed
2833,7.2,1,3,80,4.6,No,No,79,84,Placed
3690,8.2,1,2,70,4.4,Yes,Yes,69,82,Placed
5993,7.7,1,1,78,4.3,Yes,Yes,62,69,Placed
4307,8.3,2,3,83,4.6,Yes,No,78,85,Placed
1325,8.5,1,1,85,4.7,Yes,Yes,80,77,Placed
1351,8.6,0,3,90,4.8,Yes,Yes,81,82,Placed
3518,7.5,1,3,86,4.5,Yes,Yes,90,67,Placed
2919,8.2,2,3,90,4.8,Yes,Yes,85,83,Placed
8598,8.3,2,2,90,4.8,Yes,Yes,80,72,Placed
3597,7.8,1,1,82,4.6,Yes,Yes,55,77,Placed
1143,7.5,1,3,86,4.4,Yes,Yes,73,83,Placed
1033,7.8,2,3,73,4.3,Yes,Yes,82,82,Placed
8576,8.2,1,3,73,4.5,Yes,Yes,82,64,Placed
4580,8.1,2,3,90,4.8,Yes,Yes,79,87,Placed
1149,8.1,1,2,85,4.3,Yes,Yes,78,74,Placed
2596,8.2,2,3,90,4.8,Yes,Yes,85,83,Placed
6593,7.6,0,3,86,4.7,Yes,No,78,81,Placed
1896,8.6,2,1,87,4.4,Yes,Yes,55,83,Placed
3065,8.6,2,3,90,4.8,Yes,Yes,71,81,Placed
4823,8.4,1,3,84,4.8,Yes,Yes,80,88,Placed
8824,8.2,2,3,82,4.4,Yes,Yes,80,83,Placed
1821,8.5,2,3,90,4.5,Yes,Yes,75,82,Placed
5806,8.4,2,3,89,3.9,Yes,Yes,74,83,Placed
6264,7.8,2,1,71,4.3,Yes,Yes,69,68,Placed
3402,6.9,0,3,78,4.3,Yes,Yes,84,73,Placed
8800,7,2,3,90,4.8,Yes,Yes,90,80,Placed
6590,8.2,1,1,88,4.8,No,Yes,68,77,Placed
8548,7.4,0,2,80,4.8,No,Yes,61,88,Placed
434,8.1,2,3,85,4.5,Yes,Yes,76,88,Placed
5251,8.3,0,2,83,4.3,Yes,Yes,70,83,Placed
3830,7.8,2,3,90,4.8,Yes,Yes,68,83,Placed
3618,6.7,0,3,90,4.8,Yes,Yes,76,88,Placed
5552,8,2,2,89,4.2,Yes,Yes,82,84,Placed
126,7.7,1,2,73,4,No,Yes,65,75,Not Placed
6043,8.4,2,3,89,4.8,Yes,Yes,76,85,Placed
2018,8.9,2,3,90,4.8,Yes,Yes,82,88,Placed
6863,6.6,2,3,85,4.8,Yes,Yes,79,85,Not Placed
